{"stats": {"hunger": 0, "fun": 44, "clean": 36, "last_tick": 1758910900.672183, "lifetime_sec": 14033.599442958832}}